20.46396159845388	-5.439433835070574
21.05161358019565	-2.305285815920456
22.81456952542095	-0.3464433039516308
23.989873488904493	1.6123992080171805
23.989873488904493	3.963010222379765
24.185757482818417	5.725968483151704
25.165177452388026	7.488926743923642
26.340481415871565	9.643653507089354
27.124017391527246	11.99426452145194
27.124017391527246	12.973685777436344
27.124017391527246	14.54075978701141
27.31990138544117	16.891370801373995
27.51578537935509	19.046097564539693
27.907553367182945	21.984361332492924
27.907553367182945	23.55143534206797
27.684155274459513	25.607612098848918
27.527906228770618	27.013855357070483
27.059159091703933	28.888846368032574
25.80916672619277	31.232585131735192
25.184170543437205	32.951326891783765
24.40292531499273	34.982567153659375
23.46543104085937	37.32630591736199
22.371687721037105	39.04504767741054
20.184201081392587	41.38878644111318
18.621710624503635	43.888774455729276
16.902971121925816	46.5450117212589
