17.83414068039326	-15.692083457917306
19.36044710979006	-15.1898290881783
21.391672306055284	-15.033580790934536
23.891641778381725	-15.033580790934536
26.23536315868776	-14.877332493690773
28.891580723034597	-14.252339304715733
30.922805919299837	-13.62734611574068
32.64153493152426	-12.064863143303045
33.42277539162626	-10.346131873621658
34.04776775970788	-8.783648901184023
34.82900821980988	-7.064917631502624
35.76649677193231	-5.033689767333712
37.01648150809552	-3.314958497652313
38.11021815223833	-1.4399789307271649
39.360202888401545	0.4350006361979979
39.82894716446276	2.1537319058793827
40.76643571658517	4.497456364535836
41.54767617668719	6.372435931460984
42.7976609128504	8.403663795629896
44.04764564901362	9.966146768067532
45.61012656921764	11.528629740505169
46.70386321336045	13.247361010186552
47.01635939740126	14.96609227986795
47.17260748942167	17.77856163025568
46.54761512134007	20.12228608891212
45.92262275325845	22.153513953081045
44.67263801709524	23.55974862827492
42.32891663678919	24.653486708981248
