-18.684259888342083	-7.958720826342088
-21.387217811435136	-7.364966253750538
-23.730982903624067	-7.208711886825839
-25.76224598352114	-7.364966253750538
-28.10601107571007	-7.208711886825839
-30.76227818019086	-6.427440052202385
-33.73104729696351	-5.333659483729548
-34.04354930925537	-3.146098346783859
-34.04354930925537	0.1352433586346819
-33.73104729696351	2.635313229429755
-34.04354930925537	4.510365632526074
-34.04354930925537	6.697926769471764
-34.04354930925537	9.197996640266837
-32.324788241650154	11.073049043363142
-30.293525161753067	13.26061018030883
-29.356019124877506	15.13566258340515
-28.88726610643971	17.948241188049607
-28.88726610643971	20.91707415961875
-28.88726610643971	23.729652764263207
-28.88726610643971	26.07346826813361
-29.030089291744986	28.886046872778053
-28.56133627330719	31.073608009723756
-28.092583254869396	33.88618661436823
-28.092583254869396	35.91749338438922
-28.248834261015332	37.63629142056081
-28.717587279453127	39.04258072288303
-29.96759532862056	41.07388749290405
-30.905101365496122	42.48017679522627
-31.842607402371698	44.355229198322576
-32.78011343924727	46.23028160141891
